"subject","time","concentration"
1,0,0
1,0.5,0.35389
1,1,0.2989
1,1.5,0.27296
1,2,0.2025
1,3,0.09352
1,4,0.07649
1,5,0.05756
1,6,0.04223
1,8,0.0312
1,10,0.01482
2,0,0
2,0.5,0.3342
2,1,0.26397
2,1.5,0.16668
2,2,0.15359
2,3,0.07647
2,4,0.04367
2,5,0.01475
2,6,0.01742
2,8,0.00996
2,10,0.00389
3,0,0
3,0.5,0.35389
3,1,0.2389
3,1.5,0.14296
3,2,0.12504
3,3,0.06052
3,4,0.03649
3,5,0.00756
3,6,0.00223
